Date,Price,Open,High,Low,Volume,Change(%)
25-May-22,1410.45,1435,1442.5,1399.25,9630092,-2.12%
24-May-22,1441,1468.6,1469.55,1435.25,5693167,-1.87%
23-May-22,1468.4,1455.1,1488,1450.05,5887569,0.91%
20-May-22,1455.15,1453,1466.75,1446.7,10488908,1.96%
19-May-22,1427.15,1481,1484.7,1417.65,16561140,-5.44%
18-May-22,1509.2,1522,1549.7,1505.3,6594126,-0.61%
17-May-22,1518.45,1494.9,1525,1480.9,6516378,1.97%
16-May-22,1489.1,1510,1511.85,1478.65,6145331,-1.02%
13-May-22,1504.4,1519.3,1529.25,1498.1,6723761,-0.29%
12-May-22,1508.8,1514,1527.5,1504.3,7034979,-1.18%
11-May-22,1526.75,1549.95,1549.95,1511.6,7846080,-1.69%
10-May-22,1553,1558,1569.15,1546.05,6212545,-1.10%
9-May-22,1570.35,1540,1586.8,1522.15,6832202,1.78%
6-May-22,1542.85,1550,1561.85,1535.05,6171472,-2.67%
5-May-22,1585.15,1560.05,1589.4,1557.45,6144870,3.23%
4-May-22,1535.55,1547.25,1570,1530.15,6220959,-0.35%
2-May-22,1541,1550.9,1552.75,1531,7072627,-1.69%
29-Apr-22,1567.55,1590,1597.3,1560.8,9831395,-0.95%
28-Apr-22,1582.6,1570,1601.8,1557.45,9245177,1.92%
27-Apr-22,1552.8,1572.75,1572.75,1550.35,8819356,-1.78%
26-Apr-22,1581,1577.2,1592,1566.55,5345435,1.27%
25-Apr-22,1561.1,1572.8,1572.8,1554.1,7000570,-1.54%
22-Apr-22,1585.45,1604.35,1610.7,1582.4,8134245,-2.06%
21-Apr-22,1618.8,1595,1627.2,1589.25,7766514,1.96%
20-Apr-22,1587.7,1575,1596.3,1563,10678747,1.65%
19-Apr-22,1562,1636.65,1636.65,1550,17044923,-3.66%
18-Apr-22,1621.4,1605.5,1650,1590,30523965,-7.27%
13-Apr-22,1748.55,1754.95,1757.5,1732,6257693,0.35%
12-Apr-22,1742.45,1757.5,1757.5,1727.75,6456184,-1.36%
11-Apr-22,1766.55,1814,1814,1762.55,8248407,-2.65%
8-Apr-22,1814.6,1823,1838,1808,5131446,0.20%
7-Apr-22,1811,1821.05,1828.15,1807.55,5797544,-0.98%
6-Apr-22,1828.85,1855,1857.5,1822.15,5407453,-1.73%
5-Apr-22,1861.1,1883.8,1889.6,1857.15,5472024,-1.16%
4-Apr-22,1882.95,1889.75,1893,1873,7364074,-1.08%
1-Apr-22,1903.55,1886.85,1910.3,1878.3,6171518,-0.17%
31-Mar-22,1906.85,1900,1913,1894.2,5399145,0.15%
30-Mar-22,1903.95,1910,1919,1895,7795839,0.95%
29-Mar-22,1886,1873.9,1889.4,1860.55,3917785,0.65%
28-Mar-22,1873.9,1866,1880.9,1852.65,4008555,-0.14%
25-Mar-22,1876.55,1892,1894,1858,3438588,-0.54%
24-Mar-22,1886.7,1856.15,1894.6,1856.15,3784303,0.76%
23-Mar-22,1872.4,1897,1900,1857,6192824,-0.79%
22-Mar-22,1887.4,1850,1890,1839,5709382,1.85%
21-Mar-22,1853.05,1861,1886.9,1841.1,8362085,-0.08%
17-Mar-22,1854.6,1923.3,1923.3,1833.05,17731459,-1.84%
16-Mar-22,1889.4,1865,1893.95,1849,5233979,2.72%
15-Mar-22,1839.3,1888.35,1888.35,1830,7140443,-2.72%
14-Mar-22,1890.7,1831.55,1895,1831.55,10289724,3.77%
11-Mar-22,1822,1814,1831.4,1811,4758657,-0.21%
10-Mar-22,1825.9,1844.75,1844.75,1810.2,6547182,0.69%
9-Mar-22,1813.35,1791,1831.6,1791,10193515,1.98%
8-Mar-22,1778.2,1718.45,1800,1718.45,10984500,2.20%
7-Mar-22,1739.85,1697,1751,1696,9742588,0.96%
4-Mar-22,1723.3,1695.25,1736,1681,9074499,0.14%
3-Mar-22,1720.85,1720.2,1733.9,1705.55,7344147,1.06%
2-Mar-22,1702.8,1710,1714.4,1691,6771489,-0.75%
28-Feb-22,1715.6,1682.2,1728.05,1665,15076542,1.24%
25-Feb-22,1694.6,1715,1728.15,1677,9737281,0.98%
24-Feb-22,1678.15,1690.1,1714.95,1670.5,13592379,-3.71%
23-Feb-22,1742.85,1750,1758.25,1733.4,5478811,0.49%
22-Feb-22,1734.35,1699.9,1751,1691.05,8878515,0.21%
21-Feb-22,1730.7,1701,1737.3,1691.5,5120890,1.39%
18-Feb-22,1706.95,1710,1722.5,1703.5,5602215,-1.03%
17-Feb-22,1724.8,1744,1749,1720.3,3937950,-0.49%
16-Feb-22,1733.3,1738.25,1755.45,1726.85,5350642,-0.28%
15-Feb-22,1738.25,1699,1746.75,1690.45,4669915,3.33%
14-Feb-22,1682.2,1690,1718.55,1678.25,7459637,-2.27%
11-Feb-22,1721.35,1740,1745.95,1713,7551371,-2.73%
10-Feb-22,1769.6,1755.65,1773.9,1748.75,4334630,1.86%
9-Feb-22,1737.3,1735,1743,1725,3867244,1.16%
8-Feb-22,1717.3,1710,1725,1696,6053401,0.13%
7-Feb-22,1715,1722.2,1732,1695.4,4310209,-1.50%
4-Feb-22,1741.1,1732,1753.95,1710.15,4700077,0.15%
3-Feb-22,1738.55,1779,1779,1734,3832922,-2.72%
2-Feb-22,1787.1,1789,1792.8,1772,4253717,0.85%
1-Feb-22,1772.05,1766.1,1780,1734.7,5119935,2.06%
31-Jan-22,1736.2,1718,1749.5,1715.35,8788872,2.97%
28-Jan-22,1686.2,1681,1727.55,1679.5,10998502,0.45%
27-Jan-22,1678.6,1702,1709.7,1665,11231734,-2.53%
25-Jan-22,1722.15,1726.6,1740,1700.5,9137653,-0.84%
24-Jan-22,1736.8,1765,1768.65,1728,7116712,-2.74%
21-Jan-22,1785.7,1795,1808,1776,8252758,-2.08%
20-Jan-22,1823.7,1844,1848,1815.5,5533463,-2.32%
19-Jan-22,1867.05,1916,1916,1862.85,5747770,-2.80%
18-Jan-22,1920.75,1922.1,1945,1911.45,3690315,-0.97%
17-Jan-22,1939.5,1938.55,1953.9,1930.5,5262464,0.53%
14-Jan-22,1929.35,1882,1933,1881,7688506,1.72%
13-Jan-22,1896.8,1905,1912.5,1866.35,14277630,1.03%
12-Jan-22,1877.45,1868.9,1889,1860,5362535,1.18%
11-Jan-22,1855.6,1855,1870,1850.15,5142287,0.26%
10-Jan-22,1850.75,1815,1869.9,1813,7857560,2.01%
7-Jan-22,1814.3,1815.45,1836,1806.8,4834389,-0.19%
6-Jan-22,1817.8,1828,1828,1800,6449205,-1.46%
5-Jan-22,1844.65,1900,1902.9,1840,6995719,-2.87%
4-Jan-22,1899.15,1898.45,1906.65,1878,3921999,0.04%
3-Jan-22,1898.45,1887.75,1914.05,1887.75,3329616,0.57%
31-Dec-21,1887.75,1890,1898.35,1871.65,4619420,-0.27%
30-Dec-21,1892.85,1884.5,1909.8,1874.35,4584738,0.39%
29-Dec-21,1885.55,1883.5,1893.8,1876.4,3236635,-0.13%
28-Dec-21,1888,1880.7,1895.9,1878.4,3340933,1.17%
27-Dec-21,1866.15,1860,1874.5,1845.05,2647733,0.14%
24-Dec-21,1863.5,1872.95,1875.75,1854,3780347,0.32%
23-Dec-21,1857.6,1831.25,1861.6,1827,4112933,1.80%
22-Dec-21,1824.7,1825,1829.15,1812.35,4156428,0.72%
21-Dec-21,1811.6,1801,1838,1801,5353584,0.71%
20-Dec-21,1798.9,1801.7,1829.65,1787.3,5773891,-1.21%
17-Dec-21,1820.85,1820,1842,1806.75,18887243,2.78%
16-Dec-21,1771.6,1762.65,1777.6,1758,4481031,2.16%
15-Dec-21,1734.2,1745,1747.95,1721.2,3053149,-1.02%
14-Dec-21,1752.15,1730.9,1763,1710.35,4768144,0.43%
13-Dec-21,1744.65,1767.05,1771.35,1738.8,4040584,-0.83%
10-Dec-21,1759.25,1760,1763.75,1746,1823469,-0.24%
9-Dec-21,1763.45,1759,1769.4,1742,2082171,0.58%
8-Dec-21,1753.35,1733,1759.8,1732.6,3029169,2.44%
7-Dec-21,1711.65,1701.1,1724.9,1694,4202122,0.96%
6-Dec-21,1695.3,1730,1733.95,1691.5,3991449,-2.32%
3-Dec-21,1735.55,1771.1,1786.65,1732.55,6754012,-0.73%
2-Dec-21,1748.25,1715,1750.5,1711.35,5559574,1.94%
1-Dec-21,1714.9,1715,1741.9,1713,5193264,0.13%
30-Nov-21,1712.65,1704.55,1729.9,1700.05,14808963,0.96%
29-Nov-21,1696.35,1691,1712,1669.15,3942776,0.28%
26-Nov-21,1691.65,1702.55,1718.35,1684,4494181,-1.79%
25-Nov-21,1722.4,1700,1726.2,1696.95,4476260,1.56%
24-Nov-21,1696,1740,1740.5,1688,7333061,-2.35%
23-Nov-21,1736.9,1735.1,1747.25,1710,8436160,-1.28%
22-Nov-21,1759.4,1784,1785.4,1751.15,6621839,-1.12%
18-Nov-21,1779.4,1781.6,1789.45,1759,4326924,-0.45%
17-Nov-21,1787.45,1792.55,1802,1780.7,4732492,-0.27%
16-Nov-21,1792.3,1790,1808.95,1777,6034233,0.29%
15-Nov-21,1787.15,1782.1,1800,1775.5,4354074,0.39%
12-Nov-21,1780.2,1743,1782.85,1738.05,5069009,2.71%
11-Nov-21,1733.3,1732.95,1739.75,1709,4731349,-0.39%
10-Nov-21,1740.15,1726,1750.95,1721.95,4780368,-0.13%
9-Nov-21,1742.5,1734.75,1750,1726,4016134,0.29%
8-Nov-21,1737.5,1730,1741,1703,5245903,1.69%
4-Nov-21,1708.7,1715,1717,1705,483407,0.36%
3-Nov-21,1702.5,1709,1717.45,1699,3530713,0.27%
2-Nov-21,1697.9,1695,1706.45,1686.35,3471772,-0.13%
1-Nov-21,1700.05,1677.5,1707.2,1676,3636806,1.94%
29-Oct-21,1667.75,1699,1712.6,1661.05,5875091,-2.12%
28-Oct-21,1703.9,1719.35,1724.75,1692.05,5329972,-1.45%
27-Oct-21,1728.95,1709.1,1734.15,1701.15,5090259,1.48%
26-Oct-21,1703.7,1710.05,1726.6,1695.9,5871709,-0.23%
25-Oct-21,1707.55,1722.05,1729.75,1687.2,5905209,-0.71%
22-Oct-21,1719.8,1749.9,1763.2,1707,7369809,-1.93%
21-Oct-21,1753.65,1814,1814,1746.85,8779629,-2.70%
20-Oct-21,1802.35,1829.4,1848,1794.05,5876115,-1.09%
19-Oct-21,1822.15,1814,1834.5,1782.3,10324260,1.67%
18-Oct-21,1792.15,1740,1799,1740,13438109,4.45%
14-Oct-21,1715.75,1754,1783.6,1698.2,19655776,0.38%
13-Oct-21,1709.2,1695.95,1713.65,1680.05,7104171,1.43%
12-Oct-21,1685.15,1677,1689,1662,7439300,-0.34%
11-Oct-21,1690.95,1682,1730,1663.7,8840633,-1.91%
8-Oct-21,1723.85,1705.25,1731.5,1698.4,4738376,1.94%
7-Oct-21,1691,1687,1704.2,1676.65,5476108,1.04%
6-Oct-21,1673.55,1702.1,1709,1670,4271698,-1.14%
5-Oct-21,1692.8,1671,1702.95,1663,4373310,0.84%
4-Oct-21,1678.75,1672.5,1688,1665.4,2947154,0.82%
1-Oct-21,1665.15,1665.1,1678.95,1661.25,5733906,-0.60%
30-Sep-21,1675.2,1703,1703,1670.1,6914031,-1.01%
29-Sep-21,1692.25,1659.25,1701.4,1655,7792548,0.31%
28-Sep-21,1687.1,1710,1710,1675,6557197,-1.98%
27-Sep-21,1721.15,1768.75,1769,1718.1,5045337,-2.42%
24-Sep-21,1763.85,1758,1788,1752.45,8280446,1.22%
23-Sep-21,1742.55,1732,1745,1721.1,3826090,1.49%
22-Sep-21,1716.9,1717,1738.9,1713.05,4553892,-0.09%
21-Sep-21,1718.45,1700,1726.75,1684.65,4672222,1.81%
20-Sep-21,1687.85,1685,1707.7,1677.95,5660743,-0.20%
17-Sep-21,1691.3,1697,1718,1684.45,7454864,-0.64%
16-Sep-21,1702.25,1715.2,1719.25,1691.45,3246568,-0.54%
15-Sep-21,1711.45,1693.25,1715.1,1690.2,4062344,1.50%
14-Sep-21,1686.15,1695.95,1695.95,1678.6,4945167,-0.34%
13-Sep-21,1691.9,1683,1701.5,1675.2,4662374,0.02%
9-Sep-21,1691.6,1685.9,1694.9,1682.15,3331674,-0.10%
8-Sep-21,1693.25,1700.85,1700.85,1682.95,4584896,-0.79%
7-Sep-21,1706.65,1730,1734.9,1704,3520341,-1.37%
6-Sep-21,1730.4,1705.15,1732,1699.35,4876026,1.75%
3-Sep-21,1700.65,1696.05,1705.95,1684.4,5339139,0.68%
2-Sep-21,1689.1,1677.35,1694.3,1662.65,6830050,0.68%
1-Sep-21,1677.75,1709.5,1709.5,1673.15,7801974,-1.68%
31-Aug-21,1706.45,1700.15,1715,1685.85,12255438,0.49%
30-Aug-21,1698.05,1703.05,1718.65,1690.4,6559667,-0.63%
27-Aug-21,1708.8,1725,1727.7,1705.2,6698514,-1.09%
26-Aug-21,1727.7,1734,1746,1720,5302248,-0.45%
25-Aug-21,1735.55,1718,1746.9,1718,6153253,0.85%
24-Aug-21,1720.85,1750,1757,1712.7,7602939,-1.03%
23-Aug-21,1738.75,1735.75,1753.15,1732,6189051,0.33%
20-Aug-21,1732.95,1716.1,1745,1716.1,6206972,-0.03%
18-Aug-21,1733.45,1729,1755.5,1727,6686090,-0.47%
17-Aug-21,1741.65,1703.9,1748.9,1686.55,9510390,2.19%
16-Aug-21,1704.4,1707.7,1719.95,1690.1,4564109,-0.46%
13-Aug-21,1712.2,1697,1722.5,1691.3,5612790,1.34%
12-Aug-21,1689.6,1679.15,1696.5,1674,5659579,0.72%
11-Aug-21,1677.55,1674.8,1684,1668,4899639,0.02%
10-Aug-21,1677.25,1668,1680,1661.05,6846517,0.84%
9-Aug-21,1663.3,1661,1667.45,1646.4,5018477,0.79%
6-Aug-21,1650.2,1657,1660.65,1644,3754855,-0.20%
5-Aug-21,1653.55,1649.5,1666,1647.05,5420536,0.26%
4-Aug-21,1649.25,1669.1,1679.9,1639.05,6740391,-0.36%
3-Aug-21,1655.2,1647,1658.65,1635.6,5513668,1.45%
2-Aug-21,1631.55,1627.45,1634.75,1619.2,5553389,1.31%
30-Jul-21,1610.5,1610,1623.4,1606.15,6234257,-0.40%
29-Jul-21,1617,1600.1,1620,1600.1,4660873,0.71%
28-Jul-21,1605.6,1605.1,1607.6,1585.5,4686788,0.19%
27-Jul-21,1602.55,1605,1609.3,1597.9,5892859,-0.08%
26-Jul-21,1603.9,1594.1,1611.65,1594.1,4586710,0.85%
23-Jul-21,1590.45,1588.55,1598.5,1585.05,4179719,0.02%
22-Jul-21,1590.2,1561.4,1592.85,1561.4,7854575,2.59%
20-Jul-21,1550.05,1538.3,1557.7,1538,5069939,0.54%
19-Jul-21,1541.7,1544.7,1552.9,1537.55,5669162,-0.88%
16-Jul-21,1555.45,1573.75,1574.65,1549.6,6265593,-1.60%
15-Jul-21,1580.8,1557.9,1596.85,1556,10021355,0.25%
14-Jul-21,1576.9,1554,1582.8,1538.1,5657716,2.07%
13-Jul-21,1544.95,1556.4,1556.4,1536.3,4456160,-0.19%
12-Jul-21,1547.85,1570.55,1578,1533.75,4588982,-0.96%
9-Jul-21,1562.9,1556,1569.9,1551,3436594,0.14%
8-Jul-21,1560.75,1568,1576,1549,3326813,-0.25%
7-Jul-21,1564.6,1566.05,1570.55,1544.65,4797120,0.15%
6-Jul-21,1562.2,1573.7,1586.75,1557.1,4089574,-1.06%
5-Jul-21,1578.95,1569.15,1585,1561.05,4058338,0.71%
2-Jul-21,1567.8,1558.95,1569.45,1542.6,5166064,0.47%
1-Jul-21,1560.4,1576.85,1576.85,1559.05,4814317,-1.29%
30-Jun-21,1580.8,1572.05,1591,1572.05,6058722,1.14%
29-Jun-21,1563.05,1561,1573.65,1559.2,5913567,-0.56%
28-Jun-21,1571.8,1572.9,1580.15,1560.6,5019178,-0.15%
25-Jun-21,1574.2,1572,1578,1543,9780240,0.96%
24-Jun-21,1559.2,1517,1568.75,1511.2,10785137,3.73%
23-Jun-21,1503.15,1525,1525,1498.65,5529809,-0.58%
22-Jun-21,1511.85,1509.7,1521.45,1502.1,6427862,0.77%
21-Jun-21,1500.3,1493,1505.8,1484.2,5454052,-0.20%
18-Jun-21,1503.3,1509,1515.8,1487.4,13533974,0.54%
17-Jun-21,1495.3,1475.1,1502.65,1475.1,7677951,0.99%
16-Jun-21,1480.6,1472.7,1489.45,1467.5,7661710,0.45%
15-Jun-21,1473.9,1464,1476,1463,5403104,0.83%
14-Jun-21,1461.8,1471,1477,1453.45,7132294,1.03%
11-Jun-21,1446.9,1430.1,1451.6,1429.45,6140828,1.59%
10-Jun-21,1424.3,1424,1429,1419,3496575,0.64%
9-Jun-21,1415.3,1413.4,1425,1404.6,5394317,0.17%
8-Jun-21,1412.95,1396,1421.75,1395.55,7360630,1.68%
7-Jun-21,1389.65,1391,1392,1377.3,5154576,0.29%
4-Jun-21,1385.65,1393.95,1396.9,1377.65,4194328,-0.29%
3-Jun-21,1389.65,1388.1,1399,1377.05,5115645,0.80%
2-Jun-21,1378.65,1380.75,1391.95,1365,9272276,-0.62%
1-Jun-21,1387.2,1400,1401,1378.65,4791325,-0.47%
31-May-21,1393.75,1401.5,1401.5,1383,4429904,-0.80%
28-May-21,1405.05,1409.75,1414,1396.1,4261312,0.20%
27-May-21,1402.25,1404.2,1416.25,1391.7,15365391,0.36%
26-May-21,1397.25,1367.9,1400,1362.05,6850024,2.62%
25-May-21,1361.6,1358,1368,1354.45,4099340,1.01%
24-May-21,1348.05,1356.65,1363,1345.1,4225371,-0.48%
21-May-21,1354.5,1347.5,1357.5,1346.35,4969733,1.13%
20-May-21,1339.3,1348.4,1349.1,1335,4490092,0.17%
19-May-21,1337,1342,1357.45,1333.25,4435878,-0.22%
18-May-21,1340,1338,1344.6,1329.5,5620150,0.80%
17-May-21,1329.4,1320.3,1334.95,1320.3,5017129,0.99%
14-May-21,1316.4,1326.85,1326.85,1311.3,4824609,-0.80%
12-May-21,1327,1330,1330,1314.5,5241898,-0.27%
11-May-21,1330.65,1336.9,1341,1325.1,6420988,-0.66%
10-May-21,1339.55,1349.85,1352.9,1335.05,7195348,-0.96%
7-May-21,1352.55,1365.3,1373.05,1348.5,4991435,-0.66%
6-May-21,1361.6,1345,1364.7,1337.4,4810090,1.50%
5-May-21,1341.5,1341.1,1343.9,1327.8,3939788,0.91%
4-May-21,1329.4,1354,1354.95,1324.1,4887060,-1.68%
3-May-21,1352.05,1340.8,1361,1338,4560337,-0.17%
30-Apr-21,1354.35,1346.3,1373.9,1345.9,8354677,-0.15%
29-Apr-21,1356.35,1368,1369,1351.4,5412357,0.03%
28-Apr-21,1356,1358,1359.5,1344.6,4879234,0.56%
27-Apr-21,1348.5,1346,1353,1340.15,3636115,0.37%
26-Apr-21,1343.55,1332.25,1351.3,1321,7088606,0.73%
23-Apr-21,1333.8,1343,1348.4,1331,7316262,-1.28%
22-Apr-21,1351.1,1355.55,1364.8,1345.15,6622446,-0.02%
20-Apr-21,1351.35,1379,1379,1342.4,8560766,-0.82%
19-Apr-21,1362.55,1340,1379.7,1332.35,12508028,0.65%
16-Apr-21,1353.75,1365,1370.85,1346.6,10879878,-0.51%
15-Apr-21,1360.75,1332.3,1366.4,1320,25342491,-2.61%
13-Apr-21,1397.15,1433,1435.25,1375,14855206,-2.01%
12-Apr-21,1425.75,1474,1477.55,1415,20384532,-1.06%
9-Apr-21,1441.05,1455,1455,1430.05,6052712,0.08%
8-Apr-21,1439.85,1430,1451.7,1421,5654434,0.67%
7-Apr-21,1430.2,1410.25,1434.95,1406.6,5879234,1.36%
6-Apr-21,1411.05,1423,1426,1406.45,5793571,0.08%
5-Apr-21,1409.9,1391,1425,1387,9479572,1.78%
1-Apr-21,1385.2,1380,1391.6,1371,5675155,1.25%
31-Mar-21,1368.05,1382,1388,1363.3,8220987,-1.25%
30-Mar-21,1385.3,1346.9,1400,1336.15,10546919,3.67%
26-Mar-21,1336.2,1344.7,1356.7,1332,4922071,0.18%
25-Mar-21,1333.8,1346.75,1352.5,1327.6,8749994,-1.47%
24-Mar-21,1353.75,1357.85,1370.45,1346.25,6134303,-1.30%
23-Mar-21,1371.55,1372.45,1383.25,1359.6,7165335,0.05%
22-Mar-21,1370.8,1350.1,1376,1336.1,4862758,1.96%
19-Mar-21,1344.45,1330,1355.2,1318,12767112,0.55%
18-Mar-21,1337.1,1393.75,1393.75,1313.5,10961755,-3.60%
17-Mar-21,1387,1392.25,1400,1382,7626744,0.22%
16-Mar-21,1384,1386.05,1406,1380.5,9352771,0.76%
15-Mar-21,1373.6,1370,1379.9,1358.5,6658665,-0.09%
12-Mar-21,1374.85,1373,1391.7,1370.05,9462061,0.49%
10-Mar-21,1368.15,1356.9,1374,1355,7925984,1.68%
9-Mar-21,1345.55,1329.5,1350.45,1318.75,6518173,0.73%
8-Mar-21,1335.75,1324.8,1346.1,1317.2,5119392,1.45%
5-Mar-21,1316.7,1328.5,1340,1305.05,6486176,-1.03%
4-Mar-21,1330.35,1335,1363.85,1325.9,12041941,-0.98%
3-Mar-21,1343.55,1319.2,1347,1308,9056399,2.99%
2-Mar-21,1304.5,1282.25,1310,1279.2,10461434,2.96%
1-Mar-21,1267,1263.3,1284.5,1259,5756286,1.09%
26-Feb-21,1253.3,1269,1274.3,1244.75,15132388,-1.67%
25-Feb-21,1274.55,1288.45,1299.75,1272,8788221,0.02%
24-Feb-21,1274.3,1260.05,1276.6,1252,4537258,0.63%
23-Feb-21,1266.35,1271.15,1291,1257.55,6612942,0.09%
22-Feb-21,1265.2,1295,1308.55,1260,7371303,-2.02%
19-Feb-21,1291.3,1296.1,1299.5,1276.8,5389696,-0.09%
18-Feb-21,1292.45,1276,1306,1275,6437551,0.87%
17-Feb-21,1281.3,1290.4,1294.5,1275,4575741,-0.71%
16-Feb-21,1290.4,1314,1319.75,1286,6896421,-1.47%
15-Feb-21,1309.65,1320,1328.4,1307.1,4363513,-0.01%
12-Feb-21,1309.8,1305,1323.75,1301.55,5797875,1.33%
11-Feb-21,1292.65,1289,1296,1283.05,4673317,-0.30%
10-Feb-21,1296.5,1295.8,1304.35,1283.6,5951207,-0.69%
9-Feb-21,1305.55,1306.9,1332,1297.85,7965949,0.15%
8-Feb-21,1303.55,1285.5,1310,1275.5,6921922,2.47%
5-Feb-21,1272.1,1286.4,1288.75,1262,5477481,-0.57%
4-Feb-21,1279.35,1285,1293.4,1272.05,5032240,-0.41%
3-Feb-21,1284.65,1277.65,1304,1273,8182968,1.05%
2-Feb-21,1271.25,1280,1294.4,1263.6,6892490,0.82%
1-Feb-21,1260.9,1250.55,1277.95,1241,8880279,1.76%
29-Jan-21,1239.05,1286.25,1291.15,1231,12183519,-2.91%
28-Jan-21,1276.2,1291.8,1296.45,1272.55,4660690,-1.91%
27-Jan-21,1301,1319.6,1327.55,1285.1,8133665,-1.82%
25-Jan-21,1325.1,1345,1347.9,1313,6542611,-1.17%
22-Jan-21,1340.85,1327,1356,1326.55,9646591,0.09%
21-Jan-21,1339.7,1350,1361.05,1335,6142421,0.02%
20-Jan-21,1339.45,1320.55,1348.4,1320.55,8225838,1.73%
19-Jan-21,1316.65,1320,1331,1312,5585744,0.35%
18-Jan-21,1312.05,1338,1340,1306,8861765,-2.45%
15-Jan-21,1344.95,1360,1364.45,1340,15018441,-1.86%
14-Jan-21,1370.5,1360,1384,1318.45,27521697,-1.20%
13-Jan-21,1387.15,1373.85,1392.8,1360,14442997,1.12%
12-Jan-21,1371.75,1378,1378,1360,8309868,-0.32%
11-Jan-21,1376.2,1342.1,1383.35,1340,20528626,4.89%
8-Jan-21,1312.1,1278.25,1316.8,1278.25,13186251,3.96%
7-Jan-21,1262.15,1296,1297.65,1255.5,10954918,-1.56%
6-Jan-21,1282.1,1300,1302,1268.05,7161715,-0.90%
5-Jan-21,1293.8,1282,1299,1275.05,8145280,0.43%
4-Jan-21,1288.25,1269,1290,1261.15,7208454,2.21%
1-Jan-21,1260.45,1257.9,1265.5,1255.8,4253550,0.37%
31-Dec-20,1255.8,1243,1258.4,1239,7430470,0.72%
30-Dec-20,1246.8,1253,1253.3,1238.15,5194690,-0.28%
29-Dec-20,1250.3,1235,1254.45,1235,6878105,0.81%
28-Dec-20,1240.3,1238.45,1248,1236,4607051,0.34%
24-Dec-20,1236.05,1249.9,1249.9,1226,7313885,-1.36%
23-Dec-20,1253.05,1238,1258.85,1230.55,15878346,2.67%
22-Dec-20,1220.5,1182,1223.85,1176.1,10901851,3.67%
21-Dec-20,1177.3,1188,1209.75,1152.05,10858352,-1.05%
18-Dec-20,1189.8,1182.85,1195,1175.6,15995676,2.64%
17-Dec-20,1159.2,1165.9,1168.9,1156.2,6658153,-0.56%
16-Dec-20,1165.7,1160,1168.9,1153.6,7788404,0.96%
15-Dec-20,1154.6,1156,1163.7,1152,6905926,-0.85%
14-Dec-20,1164.55,1169.4,1172.6,1148.2,6728187,0.12%
11-Dec-20,1163.2,1159.7,1171.95,1155.25,10574009,-0.39%
10-Dec-20,1167.75,1157.4,1171.65,1150,9488782,-0.63%
9-Dec-20,1175.2,1168.05,1179.5,1157,10039346,1.89%
8-Dec-20,1153.35,1145,1167,1145,12308330,0.86%
7-Dec-20,1143.5,1147.3,1153,1136,7792141,0.78%
4-Dec-20,1134.65,1125,1137,1115,10564055,0.73%
3-Dec-20,1126.45,1147,1147,1122.7,16212632,-1.27%
2-Dec-20,1140.9,1134,1147.45,1121,6741637,0.27%
1-Dec-20,1137.85,1105.05,1140.25,1105.05,8933802,3.44%
27-Nov-20,1100,1118,1121,1091,25306145,-1.19%
26-Nov-20,1113.2,1119.95,1119.95,1098.3,10962256,-0.22%
25-Nov-20,1115.65,1137,1143.5,1111.25,8958701,-2.14%
24-Nov-20,1140.05,1145,1154.9,1133.35,8515426,0.02%
23-Nov-20,1139.85,1105,1144.8,1101.95,10546363,3.31%
20-Nov-20,1103.35,1106,1109,1091.1,8063554,0.60%
19-Nov-20,1096.75,1100,1114.7,1093.8,10092343,-1.24%
18-Nov-20,1110.55,1128.5,1132.7,1101.45,9839468,-1.17%
17-Nov-20,1123.7,1144.75,1145,1112.65,12813968,-0.86%
14-Nov-20,1133.45,1137,1139.65,1131.1,1136144,0.82%
13-Nov-20,1124.2,1120,1133,1117,6363212,0.58%
12-Nov-20,1117.75,1128.1,1142,1113.75,9180976,-0.42%
11-Nov-20,1122.5,1096,1126.35,1087,12514800,2.88%
10-Nov-20,1091.05,1113.85,1113.85,1078,15622869,-4.00%
9-Nov-20,1136.55,1129.3,1146,1121.15,10160320,2.14%
6-Nov-20,1112.75,1108,1121.1,1091.7,8807127,0.79%
5-Nov-20,1104,1109.9,1123,1099,9568890,0.92%
4-Nov-20,1093.95,1068,1116,1066.8,15702690,2.96%
3-Nov-20,1062.55,1072,1079.4,1057.5,7204782,-0.91%
2-Nov-20,1072.3,1065,1079.95,1051.1,7183119,1.10%
30-Oct-20,1060.6,1072,1083.6,1052.35,8800436,-1.33%
29-Oct-20,1074.85,1070,1082,1060.1,6935804,-0.16%
28-Oct-20,1076.55,1095.5,1104.75,1070.05,7608413,-1.31%
27-Oct-20,1090.85,1105.7,1109.7,1077.15,10172530,-1.94%
26-Oct-20,1112.45,1122.25,1129.6,1103.15,6309643,-0.90%
23-Oct-20,1122.5,1133,1135,1120.15,9070121,-0.58%
22-Oct-20,1129.05,1142,1158,1123.8,11271538,-1.68%
21-Oct-20,1148.35,1141.15,1154.35,1135,19811809,0.95%
20-Oct-20,1137.5,1118.9,1144.7,1110,10448852,1.03%
19-Oct-20,1125.9,1135,1139,1115.3,12902146,-0.14%
16-Oct-20,1127.5,1113.85,1135.95,1096.9,18366133,1.74%
15-Oct-20,1108.25,1180,1186,1092.5,44288566,-2.53%
14-Oct-20,1137,1162,1164.9,1131.1,16649731,-1.80%
13-Oct-20,1157.8,1135.55,1166.05,1135.55,17524137,2.27%
12-Oct-20,1132.1,1123,1140,1112.1,14633780,2.29%
9-Oct-20,1106.8,1095.1,1113.3,1088.45,10567955,1.20%
8-Oct-20,1093.7,1090,1124,1088.4,21483024,2.55%
7-Oct-20,1066.55,1044.9,1072,1035.5,9284060,1.02%
6-Oct-20,1055.75,1055,1060,1031.35,9090819,0.67%
5-Oct-20,1048.7,1018.05,1054.9,1018.05,14212560,3.05%
1-Oct-20,1017.65,1020.6,1026.5,1011.75,5563432,0.93%
30-Sep-20,1008.25,1009,1023.95,1005,8049899,-0.07%
29-Sep-20,1009,1018,1028,1004.1,8708572,-0.14%
28-Sep-20,1010.4,1014.8,1016.15,998.5,8554583,-0.10%
25-Sep-20,1011.45,975.8,1014.9,975,13311079,3.70%
24-Sep-20,975.4,1003,1009,970,14427463,-4.35%
23-Sep-20,1019.75,1020.15,1037,1008.1,13486274,1.22%
22-Sep-20,1007.5,1009,1022.5,991.2,12625775,-0.24%
21-Sep-20,1009.9,1001,1031,1000.5,14140790,0.77%
18-Sep-20,1002.15,1011,1018.8,999.1,12897897,-0.88%
17-Sep-20,1011,995,1021,995,15628308,0.92%
16-Sep-20,1001.75,986,1005.65,982,10059392,1.96%
15-Sep-20,982.45,979.5,994,971.65,11608223,0.41%
14-Sep-20,978.4,957,991.05,948.3,21871591,3.46%
11-Sep-20,945.7,934.9,954.15,931,6672082,0.60%
10-Sep-20,940.05,935.3,942,924.8,5172091,1.33%
9-Sep-20,927.75,935,946,926,5529150,-1.23%
8-Sep-20,939.3,929.95,952,925.55,12892115,1.54%
7-Sep-20,925.05,918.9,927.55,913.05,6700450,0.64%
4-Sep-20,919.15,915,929.5,914.45,8650414,-1.75%
3-Sep-20,935.55,926.5,949.4,924,8828016,1.25%
2-Sep-20,924,915,926.4,913.5,5678696,1.08%
1-Sep-20,914.15,926.25,935,912.1,6907783,-1.56%
31-Aug-20,928.6,935.25,950.5,914.6,12808369,-0.71%
28-Aug-20,935.25,951.45,952.5,933.05,7593988,-1.25%
27-Aug-20,947.05,960,960.95,945.2,6154300,-0.39%
26-Aug-20,950.8,941.25,954.25,938.4,5153663,1.35%
25-Aug-20,938.1,947.5,948.65,933.6,6233923,-0.98%
24-Aug-20,947.4,947,952,939.2,5798579,-0.15%
21-Aug-20,948.8,963.05,963.45,946.55,6513784,-0.66%
20-Aug-20,955.15,958.9,965.5,951.3,5656667,-0.43%
19-Aug-20,959.3,970.9,971.55,957.45,6622744,-0.85%
18-Aug-20,967.55,963.9,969.2,958.7,6142171,1.05%
17-Aug-20,957.5,954.1,972.45,954.1,9008716,0.41%
14-Aug-20,953.6,955.85,963,952.05,4663873,0.25%
13-Aug-20,951.2,954.8,968.5,948.25,5097705,-0.39%
12-Aug-20,954.95,948,958.8,942.2,6908732,0.69%
11-Aug-20,948.45,949.9,962,946.1,6802508,-0.30%
10-Aug-20,951.35,948.9,956.8,945.3,5716472,0.05%
7-Aug-20,950.9,969.45,969.45,949,8010973,-2.05%
6-Aug-20,970.85,953.5,974.4,942.5,10976523,2.77%
5-Aug-20,944.7,952,960.95,938.3,9616176,-0.54%
4-Aug-20,949.85,960.45,970.7,940.55,11133259,-0.74%
3-Aug-20,956.9,960,965.4,947.45,8480166,-0.94%
31-Jul-20,966,969.25,986.45,953.3,12704359,0.47%
30-Jul-20,961.45,962,972.65,958.75,12492569,0.77%
29-Jul-20,954.15,953.25,960,943.6,11152710,-0.90%
28-Jul-20,962.85,946,967.55,941.2,15819466,1.52%
27-Jul-20,948.45,921.55,952.8,918.65,16828218,2.77%
24-Jul-20,922.85,903.25,925.75,903.25,18209670,1.64%
23-Jul-20,907.95,915.65,915.8,900.65,13052804,-1.08%
22-Jul-20,917.9,938.95,939,910,14354421,-2.01%
21-Jul-20,936.75,945,949.7,929.2,12877814,0.26%
20-Jul-20,934.3,908.5,945,906.75,18421083,3.45%
17-Jul-20,903.15,911,919.9,892.15,31682904,-0.86%
16-Jul-20,911,900.1,955.5,894.25,90433393,9.63%
15-Jul-20,830.95,799,848.45,794.8,30060998,6.09%
14-Jul-20,783.25,792.95,806.4,781.35,8961822,-1.73%
13-Jul-20,797.05,788,805.35,786.05,10804911,1.94%
10-Jul-20,781.85,773.5,789.9,773.5,5206452,0.02%
9-Jul-20,781.7,780,790,775,6854196,0.90%
8-Jul-20,774.7,784.9,784.9,772.2,8476675,-2.45%
7-Jul-20,794.15,769.4,796.95,765.55,19362666,3.95%
6-Jul-20,764,765.2,775,761.5,8811009,0.17%
3-Jul-20,762.7,755,764,752.5,7796573,0.81%
2-Jul-20,756.6,737.35,765.45,735.4,17263764,3.37%
1-Jul-20,731.9,737.25,742.3,729.75,5477687,-0.55%
30-Jun-20,735.95,732.8,738.95,724.25,10411347,0.57%
29-Jun-20,731.75,735.4,744.7,730.1,8954490,-2.20%
26-Jun-20,748.2,710.2,751.6,710,26030535,6.81%
25-Jun-20,700.5,704.85,705.6,693.5,14945304,-1.91%
24-Jun-20,714.15,716.9,726.8,709.4,10220908,-0.90%
23-Jun-20,720.65,695.7,724.5,692.1,12157486,2.41%
22-Jun-20,703.7,707.1,708.7,700,7804139,-0.26%
19-Jun-20,705.55,709,711.9,701,22438873,-1.17%
18-Jun-20,713.9,708.2,716.6,706,6670206,1.46%
17-Jun-20,703.65,699.9,710.3,698,7291919,0.35%
16-Jun-20,701.2,702,712,699.15,10132423,1.99%
15-Jun-20,687.55,693,704.4,685.25,7857344,-0.65%
12-Jun-20,692.05,675.8,695.15,675.5,9796064,-1.69%
11-Jun-20,703.95,712,713.4,700.25,8825914,-1.66%
10-Jun-20,715.85,715,719.45,709.2,7263272,-0.24%
9-Jun-20,717.6,720,729.6,715.05,10078863,-0.45%
8-Jun-20,720.85,707.65,725.8,704,10719124,2.46%
5-Jun-20,703.55,707,711.7,700.6,7718943,-0.59%
4-Jun-20,707.75,702,709.45,697.5,10783594,0.88%
3-Jun-20,701.55,710.7,711.9,696,11378568,-0.93%
2-Jun-20,708.1,700.5,711.65,697.55,7059409,1.22%
1-Jun-20,699.55,698.75,706.65,691.5,12276649,1.24%
29-May-20,691,692.5,700.8,674.95,28291172,-2.32%
28-May-20,707.4,707,710,690,9440121,0.28%
27-May-20,705.45,686.05,709.2,675,8774694,3.66%
26-May-20,680.55,693,699.45,679,7099719,-1.70%
22-May-20,692.35,675,695.85,673.5,11867864,3.00%
21-May-20,672.2,666.5,679.45,665.4,7214401,0.40%
20-May-20,669.55,668.5,673,659.65,5795193,0.14%
19-May-20,668.6,664,674.8,655,5902238,0.71%
18-May-20,663.9,659.85,670.55,653,10435495,1.78%
15-May-20,652.3,664.8,664.8,646.7,9255353,-0.89%
14-May-20,658.15,659,671.75,652.6,16888356,-5.19%
13-May-20,694.15,694.8,699.9,683.75,8287106,0.95%
12-May-20,687.65,678.5,691,675.5,7356063,0.70%
11-May-20,682.9,682.5,698.55,678,7370192,1.29%
8-May-20,674.2,672.25,680.9,668.5,8400376,1.39%
7-May-20,664.95,665.55,674.35,662.45,4779550,-0.14%
6-May-20,665.9,676.9,681.45,664.05,7934457,-1.16%
5-May-20,673.7,681.75,685.6,670,6393108,0.00%
4-May-20,673.7,689.8,701.2,670.35,9122803,-5.84%
30-Apr-20,715.5,700,720,698.1,16254036,5.76%
29-Apr-20,676.55,666,682,658,8639246,2.40%
28-Apr-20,660.7,673,677,653.05,7296594,-0.59%
27-Apr-20,664.6,661.05,681,661.05,7183316,1.00%
24-Apr-20,658,668.55,675,654.8,7319950,-3.14%
23-Apr-20,679.3,647.05,683.65,638.1,14451294,5.83%
22-Apr-20,641.85,633.2,645,628.05,8267159,1.37%
21-Apr-20,633.2,627.8,646.5,627.8,11660678,-3.08%
20-Apr-20,653.3,640,661,639,13322995,3.90%
17-Apr-20,628.75,644,646,626,8878372,0.79%
16-Apr-20,623.85,619.95,634.9,603.5,17783310,-2.38%
15-Apr-20,639.05,651.4,653.3,635.6,11963493,0.26%
13-Apr-20,637.4,629,651.7,626.05,8330291,0.18%
9-Apr-20,636.25,646.8,652.8,632.1,11931287,0.74%
8-Apr-20,631.6,630,655.65,626.35,11806901,-1.16%
7-Apr-20,639,615,644.25,612.9,15146526,9.10%
3-Apr-20,585.7,603.5,606,582.15,10221890,-2.84%
1-Apr-20,602.8,634.35,637.5,594,13083865,-6.03%
31-Mar-20,641.5,650,662,633.7,15175528,2.36%
30-Mar-20,626.7,625.1,663.5,621.1,14625720,-3.98%
27-Mar-20,652.7,665.05,674.9,642.25,13495469,1.51%
26-Mar-20,643,615,650.85,612.1,14868843,6.07%
25-Mar-20,606.2,597,635,565.7,18339650,2.78%
24-Mar-20,589.8,522,601.15,522,20029537,12.03%
23-Mar-20,526.45,540,560.95,515.9,17146303,-10.04%
20-Mar-20,585.2,549.5,617.45,548,21356183,7.27%
19-Mar-20,545.55,509.25,558,509.25,16584106,2.11%
18-Mar-20,534.3,568,578,528,15391568,-3.72%
17-Mar-20,554.95,588.1,592,550,16060126,-4.84%
16-Mar-20,583.15,622,622.15,580,19140854,-9.22%
13-Mar-20,642.35,592,667,570,16903140,1.77%
12-Mar-20,631.2,668,670,627.5,13965689,-7.99%
11-Mar-20,686,690.65,695.95,669.05,16165054,-2.62%
9-Mar-20,704.45,724.5,725.85,697,10308697,-4.67%
6-Mar-20,738.95,741,744,729.1,9216022,-2.07%
5-Mar-20,754.6,763.75,773.55,751.75,7755293,-0.55%
4-Mar-20,758.75,753.9,761.5,745.55,11013444,1.57%
3-Mar-20,747,755,759,741.25,7826587,0.80%
2-Mar-20,741.05,737,765.9,733.75,9821523,1.28%
28-Feb-20,731.7,750,756.8,722.05,14123957,-5.93%
27-Feb-20,777.85,778,780.75,772.2,5223386,-0.63%
26-Feb-20,782.75,793.95,801.45,780.5,8760569,-1.96%
25-Feb-20,798.4,799,806,795.4,6996695,0.32%
24-Feb-20,795.85,800.1,811.6,792.15,6627536,-0.14%
20-Feb-20,797,803.25,806.1,793.85,4564569,-0.43%
19-Feb-20,800.45,800,804.85,796.15,3985192,0.35%
18-Feb-20,797.65,785,799.05,783.65,5083346,1.04%
17-Feb-20,789.45,790.3,793.45,783.3,2929629,0.38%
14-Feb-20,786.45,794.5,799.2,784.6,5321680,-0.73%
13-Feb-20,792.25,785,794,782.2,4387430,1.43%
12-Feb-20,781.05,775.8,783.25,775.1,2948825,0.97%
11-Feb-20,773.55,779,779.1,769.2,4312817,0.05%
10-Feb-20,773.2,774,778,769.75,3827682,-0.53%
7-Feb-20,777.3,775.95,778.85,771,2853344,0.77%
6-Feb-20,771.35,784.35,786.8,770,7341622,-1.68%
5-Feb-20,784.55,781,786,774.4,6310409,-0.42%
4-Feb-20,787.85,770.1,789.9,770.1,5771311,2.66%
3-Feb-20,767.4,782,790.95,764.5,6416745,-1.55%
1-Feb-20,779.5,775.1,791.25,769.25,5104062,0.46%
31-Jan-20,775.95,780.55,784.95,771.6,6092028,-0.61%
30-Jan-20,780.7,789.7,789.7,778,3859680,-1.14%
29-Jan-20,789.7,786.6,792.8,784.25,6832757,1.50%
28-Jan-20,778,781,781.8,772,5121009,-0.01%
27-Jan-20,778.1,779.05,784.8,774.4,3741610,-0.59%
24-Jan-20,782.75,775.75,786.5,773.6,7540490,-0.20%
23-Jan-20,784.35,777.1,785.5,776.7,12528017,1.84%
22-Jan-20,770.2,768.45,778,766,9733935,1.01%
21-Jan-20,762.5,768.45,770.5,760.75,4448374,-0.77%
20-Jan-20,768.45,771.6,774.4,762.95,3887680,0.08%
17-Jan-20,767.85,770.7,772.9,762.25,3762957,0.11%
16-Jan-20,767,770.7,772.5,760.25,5740586,-0.07%
15-Jan-20,767.55,773.85,773.85,762.15,6047430,-1.04%
14-Jan-20,775.65,769.95,776.95,767.2,11414418,0.27%
13-Jan-20,773.55,760,777.5,755,36952038,4.80%
10-Jan-20,738.15,740.45,742.9,730.5,9341405,1.46%
9-Jan-20,727.55,721.7,731.5,714.3,13521186,1.30%
8-Jan-20,718.2,724.95,729,708.3,8639443,-1.33%
7-Jan-20,727.9,738,742.6,725.1,7899363,-1.48%
6-Jan-20,738.85,746.1,753.8,736.5,6519403,-0.96%
3-Jan-20,746,733.9,748,733.9,7882938,1.54%
2-Jan-20,734.7,738.9,740.8,730.9,5658200,-0.29%
1-Jan-20,736.85,735,740,732.55,2112415,0.78%
31-Dec-19,731.15,729.7,737.75,725.45,6927885,-0.24%
30-Dec-19,732.9,736.1,737.95,727.25,5368416,-0.55%
27-Dec-19,736.95,729.75,737.5,728.85,3399094,1.10%
26-Dec-19,728.95,732,734.55,726.55,3821806,-0.61%
24-Dec-19,733.4,736.95,736.95,728.3,2890759,-0.35%
23-Dec-19,736,732.15,737.3,731.65,4975608,0.61%
20-Dec-19,731.55,731,735,728.25,7794167,0.10%
19-Dec-19,730.85,733.5,735.95,724.6,7199210,-0.22%
18-Dec-19,732.45,731,737.3,722.75,12215295,0.38%
17-Dec-19,729.7,719.7,731.25,715,10525565,2.20%
16-Dec-19,714,712.3,720.2,710.2,5616324,0.38%
13-Dec-19,711.3,700.35,712.9,700.35,10302412,1.31%
12-Dec-19,702.1,718.5,720.7,699.55,11112042,-2.63%
11-Dec-19,721.05,716.6,722.7,713,6043554,0.91%
10-Dec-19,714.55,713,718.5,710,4457939,-0.38%
9-Dec-19,717.25,716,722.35,714.25,6435865,0.30%
6-Dec-19,715.1,715.95,720,709.6,5226096,0.03%
5-Dec-19,714.85,706.45,715.9,703.8,4814422,0.85%
4-Dec-19,708.85,697,710.5,693.35,7427886,1.50%
3-Dec-19,698.35,692.7,699.7,688.55,5239013,0.82%
2-Dec-19,692.7,703.1,704,690.3,9383736,-0.52%
29-Nov-19,696.35,700.9,702.3,691.55,4262379,-0.78%
28-Nov-19,701.85,699.1,703.35,694.05,4837683,0.88%
27-Nov-19,695.75,694.25,697.65,690.1,3861635,0.75%
26-Nov-19,690.6,705,707.25,686,27253106,-1.07%
25-Nov-19,698.1,693.35,705.15,693.2,7334511,0.71%
22-Nov-19,693.2,711.75,712,685.1,14415826,-2.81%
21-Nov-19,713.25,715.5,721.45,710.5,9692973,0.04%
20-Nov-19,713,712.8,715,705,6142171,0.02%
19-Nov-19,712.85,709.9,714,705,6495885,1.08%
18-Nov-19,705.2,705,710,699.3,7490916,0.18%
15-Nov-19,703.9,709.05,712.95,702.3,7362623,-0.20%
14-Nov-19,705.3,696.35,709.8,696.35,10539902,2.02%
13-Nov-19,691.35,696.5,700,687.75,9973690,-1.85%
11-Nov-19,704.4,698.9,707.2,698,6951494,-0.53%
8-Nov-19,708.15,722,724.25,705.5,8585630,-1.66%
7-Nov-19,720.1,717,724.35,712.1,13733737,1.10%
6-Nov-19,712.3,695.8,721.5,692,21372589,2.33%
5-Nov-19,696.1,708.75,708.75,691.5,12897805,-1.82%
4-Nov-19,709,681.8,732.5,678.15,29381982,3.07%
1-Nov-19,687.9,690,694,682.6,9713519,0.34%
31-Oct-19,685.6,668.4,695.45,666.1,27405901,3.78%
30-Oct-19,660.6,660.4,671.4,656.2,22879467,1.53%
29-Oct-19,650.65,651,653.75,647,16709764,0.28%
27-Oct-19,648.85,651.1,652.5,645.55,2945433,1.79%
25-Oct-19,637.45,647,652.5,636,16549337,0.33%
24-Oct-19,635.35,650,653.2,632,25666433,-2.34%
23-Oct-19,650.6,630,656.65,615.1,60516887,1.10%
22-Oct-19,643.55,691.1,691.1,638.35,90152532,-16.19%
18-Oct-19,767.85,763.8,773.8,760,10037200,-0.21%
17-Oct-19,769.5,767,770.55,765.1,9860495,-0.25%
16-Oct-19,771.45,765.25,775.95,761.55,10767032,0.41%
15-Oct-19,768.3,773.1,775.95,765,13762133,-2.26%
14-Oct-19,786.1,786.75,797,780,15150858,-3.52%
11-Oct-19,814.8,781.5,823.8,776.6,20636344,4.05%
10-Oct-19,783.05,785.4,794.7,776.6,10402917,-0.08%
9-Oct-19,783.65,795.45,795.9,778.8,6335025,-0.75%
7-Oct-19,789.55,794.85,802,786.1,3679845,-0.49%
4-Oct-19,793.45,790,797.6,787.05,8201713,1.00%
3-Oct-19,785.6,792.55,797.85,784.15,5497672,-1.00%
1-Oct-19,793.55,807,807.55,791.55,5881438,-1.50%
30-Sep-19,805.65,785.1,808,784.15,8178091,3.00%
27-Sep-19,782.2,787.05,794.25,780.1,5087642,-0.04%
26-Sep-19,782.55,787.75,797,778.1,18442824,-1.27%
25-Sep-19,792.65,787.7,801,781.65,9313576,-0.18%
24-Sep-19,794.05,765,798.65,765,13717998,3.89%
23-Sep-19,764.35,806.9,806.9,741.9,17279260,-5.05%
20-Sep-19,805,822.9,835,802,22462366,-1.91%
19-Sep-19,820.7,824.85,827,815.2,6601607,-1.10%
18-Sep-19,829.85,829.9,832.95,824,3199389,-0.17%
17-Sep-19,831.25,831.5,835,820.55,5540901,0.43%
16-Sep-19,827.7,832.05,837.95,820.55,4846496,-0.19%
13-Sep-19,829.3,818.1,831.05,817.5,4832021,1.58%
12-Sep-19,816.4,816.4,819.85,810.85,4400017,-0.45%
11-Sep-19,820.1,822.3,828.55,814.15,7981036,-1.09%
9-Sep-19,829.1,836.8,840.3,827.55,4377870,-1.32%
6-Sep-19,840.15,843.3,847,835.05,6106841,0.73%
5-Sep-19,834.05,830.1,837.5,826.65,7926895,1.55%
4-Sep-19,821.3,810.75,822.45,810.25,6199015,0.87%
3-Sep-19,814.25,815,822.4,812.05,5647088,-0.08%
30-Aug-19,814.9,810,817.35,802,8174186,0.99%
29-Aug-19,806.95,795.5,809.7,795.5,7830413,0.55%
28-Aug-19,802.5,787.4,805,786.3,5881134,2.27%
27-Aug-19,784.65,791,794.95,781.1,16061642,-2.23%
26-Aug-19,802.55,795.9,806.8,786.9,5412074,0.04%
23-Aug-19,802.2,796.45,809.95,795.8,6895015,0.82%
22-Aug-19,795.7,799.9,801.3,792.35,5222488,-0.47%
21-Aug-19,799.45,793,803.75,793,5926896,0.85%
20-Aug-19,792.75,785.2,798,783.85,8435344,1.94%
19-Aug-19,777.65,775.6,783,773.35,3881451,0.40%
16-Aug-19,774.55,780,780.05,762.5,5128088,-0.03%
14-Aug-19,774.8,775.1,778.25,768,5940968,1.31%
13-Aug-19,764.75,784.15,786,760.15,7517099,-3.18%
9-Aug-19,789.85,792,796.75,784.8,4362520,0.14%
8-Aug-19,788.75,782.7,792.75,781.25,8009009,1.63%
7-Aug-19,776.1,778.9,783.45,772.35,5130457,0.21%
6-Aug-19,774.45,778.8,783.7,769.8,9331718,-0.29%
5-Aug-19,776.7,772.6,785.9,768.65,9976238,0.14%
2-Aug-19,775.6,765.05,779.9,762.25,10838336,0.88%
1-Aug-19,768.85,786.45,788.4,764.4,10066407,-3.12%
31-Jul-19,793.65,790.85,799.8,781.6,7350584,0.12%
30-Jul-19,792.7,791.9,797.8,788.55,8673253,0.16%
29-Jul-19,791.45,789.5,796.95,786.2,6244316,0.57%
26-Jul-19,787,792.3,795,782.2,4941763,-0.94%
25-Jul-19,794.5,788.25,800.2,787.65,9773568,1.04%
24-Jul-19,786.3,788,793.75,783.6,5745146,-0.47%
23-Jul-19,790.05,787,804,785.55,10782564,0.72%
22-Jul-19,784.4,785.95,792,782.05,7107151,-0.13%
19-Jul-19,785.4,788.7,794.5,781.25,6812754,-0.92%
18-Jul-19,792.7,789.05,798.5,786.2,6534471,-0.18%
17-Jul-19,794.15,783.9,795,776.75,6754348,1.18%
16-Jul-19,784.85,777,787.8,776,9924322,0.71%
15-Jul-19,779.35,763,781.65,754.2,31064152,7.24%
12-Jul-19,726.75,722.5,730.6,719.6,7874441,0.73%
11-Jul-19,721.5,719.45,723.5,709.6,6252688,0.59%
10-Jul-19,717.25,709,722.7,706.5,7573816,0.24%
9-Jul-19,715.5,718,719.85,709.05,5022638,-0.29%
8-Jul-19,717.6,716.45,724.95,712.3,7177092,-0.06%
5-Jul-19,718,735,736.4,713.5,4926289,-2.15%
4-Jul-19,733.8,729,736.4,728.6,3274064,0.34%
3-Jul-19,731.3,741,743.2,730,5958379,-1.18%
2-Jul-19,740,734,741.65,730.1,4837606,1.19%
1-Jul-19,731.3,735,737.5,729.85,3224968,-0.10%
28-Jun-19,732,735.5,739.5,728.5,5919494,0.20%
27-Jun-19,730.55,742,744.7,728.15,11122346,-1.17%
26-Jun-19,739.2,743,751.45,738,5447130,-1.19%
25-Jun-19,748.1,744,750.9,737.3,3677911,0.35%
24-Jun-19,745.5,751.9,751.9,742.65,4758178,-0.63%
21-Jun-19,750.2,755,755,747.15,13200318,-0.62%
20-Jun-19,754.9,737.8,756.9,735.9,7148684,0.40%
19-Jun-19,751.9,752.5,755.4,748.6,4596253,0.23%
18-Jun-19,750.15,740.2,752.45,740.2,6202838,1.30%
17-Jun-19,740.55,743,744.5,737.8,3085588,0.01%
14-Jun-19,740.45,743.85,745.5,738.25,5556353,-0.30%
13-Jun-19,742.65,740,747.2,740,4808577,-1.48%
12-Jun-19,753.8,756.95,756.95,745,8738342,-0.15%
11-Jun-19,754.9,755,759,750.5,5733127,0.19%
10-Jun-19,753.5,740.1,754.1,740.1,4435148,1.95%
7-Jun-19,739.1,735.85,743.95,735.85,3218358,0.48%
6-Jun-19,735.6,736.5,744.65,733.65,7563925,0.04%
4-Jun-19,735.3,737.25,739.45,733.15,11733702,-1.26%
3-Jun-19,744.65,729.8,750.9,729,7744761,0.94%
31-May-19,737.75,736.5,742.95,733.2,8290306,0.57%
30-May-19,733.55,727,737.25,722.55,15089296,0.79%
29-May-19,727.8,725.5,733.65,723.65,10293077,-0.04%
28-May-19,728.1,712,733.45,709.8,23860490,2.82%
27-May-19,708.1,707.4,713.8,705.5,10247544,-0.16%
24-May-19,709.2,703.8,711.75,700.45,7016424,1.16%
23-May-19,701.05,715,716.7,697.45,7233736,-1.23%
22-May-19,709.75,710,718.25,707,5795713,0.06%
21-May-19,709.3,722.65,722.65,707.7,8645535,-1.81%
20-May-19,722.4,719.7,726.4,706,11213708,-0.21%
17-May-19,723.9,733.15,735.8,720.1,8155948,-1.25%
16-May-19,733.1,720,737,719.1,6468556,2.37%
15-May-19,716.1,714.9,725.2,712.6,6668929,0.32%
14-May-19,713.85,716.5,717.75,703.6,10513001,-0.81%
13-May-19,719.7,716.55,726.45,712.1,6808993,0.40%
10-May-19,716.85,720.8,726,715,8352335,-0.58%
9-May-19,721.05,719.15,730.3,715.8,7396525,0.24%
8-May-19,719.35,721,726,716.5,6247642,-0.72%
7-May-19,724.55,720.4,727.9,718.7,5747536,0.86%
6-May-19,718.4,715,721.8,710.65,8858265,-0.72%
3-May-19,723.6,722.9,731,718.2,6348116,-0.99%
2-May-19,730.8,747,748.4,729.5,6351352,-2.74%
30-Apr-19,751.35,738,753.8,738,9920046,1.81%
26-Apr-19,738,731,739.8,729,6895168,1.30%
25-Apr-19,728.55,736.45,737.65,727.05,8005235,-1.07%
24-Apr-19,736.45,728.2,737.9,724,8285120,1.13%
23-Apr-19,728.2,723.9,730,718.4,5516668,0.99%
22-Apr-19,721.05,717.05,725.75,715,6455426,0.56%
18-Apr-19,717.05,722.5,722.5,712.75,13801105,-0.97%
16-Apr-19,724.1,727.9,727.9,714.1,12524411,-0.47%
15-Apr-19,727.5,724.7,731.35,712.6,31574803,-2.71%
12-Apr-19,747.75,743.1,751.55,740.6,7043212,0.68%
11-Apr-19,742.7,751.75,751.75,740.05,8200995,-1.33%
10-Apr-19,752.7,764,766.7,751.3,7031088,-1.04%
9-Apr-19,760.6,770,773,758.2,6730692,-0.87%
8-Apr-19,767.25,763.05,770,755.4,4919911,1.05%
5-Apr-19,759.3,750.9,760.95,748,6276040,1.52%
4-Apr-19,747.9,751.4,753.8,745.1,7688525,-0.72%
3-Apr-19,753.3,756,758.5,746.8,6897127,-0.80%
2-Apr-19,759.4,759,765.8,754.6,7283600,0.57%
1-Apr-19,755.1,742,760,742,6584982,1.51%
29-Mar-19,743.85,743.9,747.95,740,6924061,0.82%
28-Mar-19,737.8,730,745,730,9277241,1.11%
27-Mar-19,729.7,730,732.3,727.15,7387487,0.27%
26-Mar-19,727.75,735.25,735.25,719.1,9406261,-1.02%
25-Mar-19,735.25,742.4,742.4,730.55,7644966,-1.06%
22-Mar-19,743.1,745,746.35,732.3,8883260,0.56%
20-Mar-19,738.95,727.25,742.3,727.15,13471173,2.31%
19-Mar-19,722.25,712.8,726.5,707.4,8917337,1.70%
18-Mar-19,710.2,721.55,723.7,705.35,8065544,-1.16%
15-Mar-19,718.55,712,723.75,709.6,14638664,1.44%
14-Mar-19,708.35,714,714.9,706.2,6415187,-0.01%
13-Mar-19,708.45,710,718.6,706.3,11348867,0.21%
12-Mar-19,706.95,709,714.95,705.6,11997387,-0.60%
11-Mar-19,711.25,713.3,718.5,709.4,9932198,-0.15%
8-Mar-19,712.35,722.95,722.95,710.65,7193994,-1.47%
7-Mar-19,722.95,734,734.5,720.55,5951551,-1.30%
6-Mar-19,732.5,736.1,736.1,727,6076668,0.00%
5-Mar-19,732.5,740.5,742.5,730.25,4826505,-1.27%
1-Mar-19,741.9,735.5,743.4,735.5,3998826,1.03%
28-Feb-19,734.3,738.7,742.4,732.3,8559921,-0.13%
27-Feb-19,735.25,745,746.4,732.75,5936354,-0.98%
26-Feb-19,742.5,748.6,752.6,740.15,8319610,-1.64%
25-Feb-19,754.9,735.55,758,735.55,6547552,2.71%
22-Feb-19,734.95,732.5,738.2,728,3750833,0.20%
21-Feb-19,733.45,738,738,727.1,7202786,-0.98%
20-Feb-19,740.7,727,743,726.05,5210675,2.26%
19-Feb-19,724.3,739.1,740.55,721.3,9401334,-2.26%
18-Feb-19,741.05,742.35,747.65,736,5346825,-0.12%
15-Feb-19,741.95,742.3,746.5,732.6,5586389,0.26%
14-Feb-19,740.05,751,753,737.25,4610535,-1.97%
13-Feb-19,754.9,750.1,759.7,743.65,5050182,0.59%
12-Feb-19,750.45,760.35,760.35,741,7310690,-1.62%
11-Feb-19,762.8,766.9,768.75,759,5500216,0.25%
8-Feb-19,760.9,760,772.25,754.9,5915169,-0.41%
7-Feb-19,764,763.05,769.45,761,3961797,0.09%
6-Feb-19,763.3,755.55,766.95,754.35,5880482,1.12%
5-Feb-19,754.85,747,759.95,747,4694366,-0.14%
4-Feb-19,755.9,757,762.5,749.2,3945391,-0.15%
1-Feb-19,757.05,751.35,762.5,744.5,6276585,1.00%
31-Jan-19,749.55,726,751.3,726,13825233,3.26%
30-Jan-19,725.9,727.9,734.8,721.1,5763026,-0.27%
29-Jan-19,727.9,725.5,732.85,716.5,6760819,-0.01%
28-Jan-19,727.95,731,732.6,719,7944693,-0.33%
25-Jan-19,730.35,728,737.9,724.25,5543112,-0.23%
24-Jan-19,732,728.1,736.1,721,7429783,0.05%
23-Jan-19,731.65,742.35,742.6,729.2,7212099,-1.84%
22-Jan-19,745.35,741.25,749,734,6723375,0.05%
21-Jan-19,745,738.2,751,734,8129422,1.92%
18-Jan-19,730.95,730,736.2,726.3,5902151,-0.33%
17-Jan-19,733.35,735.8,739,729.1,6903771,-0.47%
16-Jan-19,736.8,729.9,737.8,728.5,9658944,1.40%
15-Jan-19,726.6,707.2,730,707.2,19671304,3.52%
14-Jan-19,701.9,707,710.2,695.95,19312937,2.69%
11-Jan-19,683.5,680.2,685.5,672.5,12281903,0.56%
10-Jan-19,679.7,681.6,682,672.55,9572493,0.53%
9-Jan-19,676.1,686.2,689.8,664,18130292,0.90%
8-Jan-19,670.05,674.95,677.45,668.55,8621545,-0.25%
7-Jan-19,671.7,665,673.6,661.5,8046340,1.61%
4-Jan-19,661.05,671.75,673.9,651,7889310,-1.21%
3-Jan-19,669.15,672,677,663.1,6827249,0.01%
2-Jan-19,669.05,666,674,662.05,7416655,0.60%
1-Jan-19,665.05,660.95,666.3,654.15,2943390,0.93%
31-Dec-18,658.95,660,662,655.8,3373319,0.30%
28-Dec-18,656.95,663.35,663.5,653.3,4736598,0.02%
27-Dec-18,656.8,652.75,663.25,649,15333902,1.98%
26-Dec-18,644.05,647,647,637.35,6178552,-0.76%
24-Dec-18,649,657,658.8,647.6,8379825,0.43%
21-Dec-18,646.2,659.5,659.5,643.45,12802132,-3.13%
20-Dec-18,667.05,660,671.55,656.4,11705260,0.33%
19-Dec-18,664.85,671.55,671.55,661.1,8295459,-1.74%
18-Dec-18,676.6,686.5,686.5,674.55,8021298,-2.56%
17-Dec-18,694.4,711.85,711.85,692.75,4778465,-1.65%
14-Dec-18,706.05,697.45,713.7,694.4,9560576,1.19%
13-Dec-18,697.75,682,700,680,7521474,2.84%
12-Dec-18,678.5,677.1,680.65,670.6,6926183,0.59%
11-Dec-18,674.5,669.2,681.9,660.6,7120933,0.79%
10-Dec-18,669.2,669.9,683.8,665.2,5121196,-1.99%
7-Dec-18,682.8,672,685.75,665.6,5553948,2.14%
6-Dec-18,668.5,676.1,685.45,664.55,8039771,-1.89%
5-Dec-18,681.4,683,683.65,672.5,5177288,-0.56%
4-Dec-18,685.25,672.55,688.25,671.3,7827923,2.22%
3-Dec-18,670.35,673.15,679,665.95,8260890,0.43%
30-Nov-18,667.45,661,672,660.95,10445773,0.97%
29-Nov-18,661.05,671,674.9,658.8,13399070,-0.80%
28-Nov-18,666.4,640.95,668.7,640,17719890,4.30%
27-Nov-18,638.9,625.5,641,625.3,12285851,2.81%
26-Nov-18,621.45,621,628,599.85,15075209,0.11%
22-Nov-18,620.75,622.25,628.15,616.75,6632975,0.27%
21-Nov-18,619.1,640,640.05,612.1,14359086,-3.48%
20-Nov-18,641.4,651.7,656,640.1,5384830,-1.58%
19-Nov-18,651.7,659,662,649.25,6018930,0.13%
16-Nov-18,650.85,659.9,662.5,644.2,8583785,-0.85%
15-Nov-18,656.4,654,666,646.7,5513390,0.49%
14-Nov-18,653.2,665.7,665.7,640.5,7323026,-1.88%
13-Nov-18,665.7,663.5,667.75,656.3,4137808,0.23%
12-Nov-18,664.2,666,676.4,662.3,7118080,0.71%
9-Nov-18,659.5,679,679,655.5,9694143,-2.37%
7-Nov-18,675.5,673,677.5,672,758956,1.36%
6-Nov-18,666.45,667.9,675,660.65,6975525,0.07%
5-Nov-18,666,663.5,668.6,657,5799426,0.57%
2-Nov-18,662.25,665.95,675.8,660.1,6654067,-0.67%
1-Nov-18,666.7,689.7,689.7,659.6,5860244,-2.87%
31-Oct-18,686.4,663.9,692.95,663.05,11947995,4.06%
30-Oct-18,659.6,641.1,663.8,637.45,8793411,2.30%
29-Oct-18,644.75,633.7,650.55,631.5,7137446,1.76%
26-Oct-18,633.6,645.3,648.7,629.9,5464141,-2.34%
25-Oct-18,648.75,643,656.35,636.25,8270469,-0.16%
24-Oct-18,649.8,663,666.5,647.15,7058164,-1.19%
23-Oct-18,657.6,675.95,682,653.3,9041701,-3.29%
22-Oct-18,679.95,688.7,695.05,673.8,6672840,-0.53%
19-Oct-18,683.55,687,687.7,678,10421001,-3.09%
17-Oct-18,705.35,710,721.8,701.35,20360697,1.45%
16-Oct-18,695.25,710,713.9,689.4,11588963,-0.51%
15-Oct-18,698.8,688.6,705,681.5,6222176,2.95%
12-Oct-18,678.8,676.4,684.05,661.5,8909221,0.81%
11-Oct-18,673.35,685,692.9,663.3,10985897,-3.87%
10-Oct-18,700.45,719.9,719.9,695.4,8866251,-2.41%
9-Oct-18,717.75,717.1,722.4,702.65,6777212,0.46%
8-Oct-18,714.45,725.05,728.7,709.25,7259306,-1.40%
5-Oct-18,724.6,713,731.5,709.3,8543578,2.46%
4-Oct-18,707.2,728.5,729.75,702.5,6173037,-2.92%
3-Oct-18,728.5,743.8,751.95,726.3,7792464,-2.43%
1-Oct-18,746.65,737.5,754.9,733,8252398,2.27%
28-Sep-18,730.05,721,734.55,715.2,7490031,0.72%
27-Sep-18,724.8,722,730.8,717.45,14592616,0.97%
26-Sep-18,717.85,731.2,731.85,712,6599606,-1.15%
25-Sep-18,726.2,718.25,736,717,9602273,1.11%
24-Sep-18,718.25,706.5,729.95,706.5,8637881,1.84%
21-Sep-18,705.3,713.85,717.4,692,14350769,-2.01%
19-Sep-18,719.75,727,727,713.2,4849498,0.09%
18-Sep-18,719.1,730,730,717,7729732,-0.94%
17-Sep-18,725.95,735,740,724.6,5427054,-1.06%
14-Sep-18,733.7,741.9,745,729.05,7896514,-1.24%
12-Sep-18,742.9,744.4,746.5,736.25,4636617,1.17%
11-Sep-18,734.3,735.9,744.75,732,6963561,0.47%
10-Sep-18,730.85,737.75,747,729.4,5629871,-0.27%
7-Sep-18,732.8,734.35,735.15,723.8,6510605,0.78%
6-Sep-18,727.15,732.55,735.5,724.1,5598659,-0.38%
5-Sep-18,729.9,741.95,744.05,725.4,8658978,-0.98%
4-Sep-18,737.15,722,748.5,716,15370124,2.79%
3-Sep-18,717.13,724.5,733.95,715,5488164,-0.47%
31-Aug-18,720.55,712.55,727.15,710.55,5437932,1.76%
30-Aug-18,708.1,706.4,710.78,698.08,5753981,0.43%
29-Aug-18,705.05,716.8,716.8,702.58,2823248,-1.02%
28-Aug-18,712.35,708.6,719.2,705.75,3248445,0.66%
27-Aug-18,707.7,691.5,709.98,690.7,3506475,2.69%
24-Aug-18,689.15,698.25,700.95,688.05,3526500,-1.37%
23-Aug-18,698.7,696.5,700.75,692.68,3858591,0.97%
21-Aug-18,691.98,695,698,686.88,4180741,-0.02%
20-Aug-18,692.13,694,703.98,686.75,8050938,-3.22%
17-Aug-18,715.18,715.45,718.83,711.5,3195204,0.06%
16-Aug-18,714.78,707.48,717.45,705.63,3313387,1.51%
14-Aug-18,704.15,706.98,712.28,702,3075660,-0.03%
13-Aug-18,704.38,695,704.93,689.35,4989873,1.68%
10-Aug-18,692.73,692.9,694.5,686.53,2389760,0.40%
9-Aug-18,689.98,686.83,694.73,686.83,3204762,1.26%
8-Aug-18,681.38,685.9,686.25,676.65,1996179,-0.38%
7-Aug-18,683.98,687,689.98,680.33,3675764,0.54%
6-Aug-18,680.33,683.03,687.5,673.75,3089465,-0.25%
3-Aug-18,682.05,683.1,683.1,678,1985195,0.77%
2-Aug-18,676.83,679.8,683.38,675.08,2970371,-0.03%
1-Aug-18,677.03,681.9,684.23,675.5,2337853,-0.81%
31-Jul-18,682.55,674.28,685,667.78,3971998,1.04%
30-Jul-18,675.5,685,686.5,674,3204985,-1.64%
27-Jul-18,686.73,686.6,694.5,684.15,3246616,0.01%
26-Jul-18,686.63,689.28,695.2,684.6,3681109,-0.76%
25-Jul-18,691.88,689.5,696.9,682.73,3468461,0.48%
24-Jul-18,688.58,687.2,691.2,678,3086123,1.56%
23-Jul-18,677.98,676.08,684,668.13,3837851,0.58%
20-Jul-18,674.05,663,683.58,660.65,5852869,2.38%
19-Jul-18,658.35,661.5,665.95,654.55,2559432,-0.44%
18-Jul-18,661.28,669.9,671.7,657,3459508,-0.40%
17-Jul-18,663.95,664.85,674.75,656.35,5580845,-0.37%
16-Jul-18,666.43,658.7,692.2,643.85,17672340,1.17%
13-Jul-18,658.7,657.5,665.8,649.18,9748079,1.78%
12-Jul-18,647.18,663.05,663.55,642.23,6636120,-1.98%
11-Jul-18,660.23,658.78,671.05,645.68,5949916,1.46%
10-Jul-18,650.7,654.25,657.73,647.15,2987244,0.20%
9-Jul-18,649.43,648.5,651.5,639.53,3322499,1.14%
6-Jul-18,642.13,645.13,650.93,634.5,5607678,0.02%
5-Jul-18,642,673.55,673.63,634.05,8509951,-4.55%
4-Jul-18,672.6,676.03,676.33,669.43,2512861,-0.63%
3-Jul-18,676.88,665.95,678.95,665.88,4063726,1.43%
2-Jul-18,667.35,657,670,657,2415072,2.10%
29-Jun-18,653.6,649.03,657.5,641.63,4983300,1.36%
28-Jun-18,644.8,638.15,649,638.13,5498409,1.54%
27-Jun-18,635,641.98,646.73,632.8,3476071,-0.62%
26-Jun-18,638.93,634.5,641.95,633.13,2241752,0.42%
25-Jun-18,636.23,628.58,639.4,627,3865589,1.97%
22-Jun-18,623.93,621.5,627.75,620.6,2171559,0.10%
21-Jun-18,623.28,622.98,628.25,618,2899395,0.27%
20-Jun-18,621.58,624.25,626.18,619,2685901,0.13%
19-Jun-18,620.8,631.5,631.7,619.03,3772850,-2.04%
18-Jun-18,633.7,642,645.63,631.18,4107423,-1.08%
15-Jun-18,640.63,618.5,645.75,617.5,9978880,3.35%
14-Jun-18,619.85,626.5,626.5,617.05,3799424,-2.75%
13-Jun-18,637.4,633.4,642,633.4,2883464,1.30%
12-Jun-18,629.25,632.88,635.63,625.23,3919910,-0.31%
11-Jun-18,631.2,632.78,635,627.53,2585645,0.19%
8-Jun-18,630.03,624,631,623.03,3229939,0.61%
7-Jun-18,626.23,619,629,619,3338113,1.21%
6-Jun-18,618.73,612.6,620.78,610.03,2019092,1.36%
5-Jun-18,610.43,621,621,608.5,2355431,-1.50%
4-Jun-18,619.7,610.55,621.5,606,2135078,1.52%
1-Jun-18,610.4,615.2,623.13,608.6,2499178,-0.89%
31-May-18,615.9,605.85,621,605.13,9860170,1.66%
30-May-18,605.85,608.5,614.38,602.8,3161533,-0.41%
29-May-18,608.35,607.03,613.28,603.1,1694467,0.19%
28-May-18,607.2,615.5,616.3,603,2869897,-1.13%
25-May-18,614.15,615.05,624.33,610.4,4450719,0.60%
24-May-18,610.5,599,613.78,599,4870285,3.05%
23-May-18,592.45,597.5,603.83,590.75,4769221,-0.75%
22-May-18,596.93,587.5,599,586.95,2818402,1.22%
21-May-18,589.75,589.78,594.2,585,4237660,-0.31%
18-May-18,591.6,591.5,593.28,586.5,3569830,0.03%
17-May-18,591.45,598,598.73,586.78,4759799,-0.59%
16-May-18,594.98,593.63,599,592.25,3102502,-0.39%
15-May-18,597.28,594.05,604,594.05,2805987,0.44%
14-May-18,594.65,592.18,595.75,585,2216047,0.72%
11-May-18,590.38,586.15,591.6,583.03,1655853,1.09%
10-May-18,584,588,591.5,581.43,1591431,-0.23%
9-May-18,585.35,583.75,588.45,581.5,1891752,0.44%
8-May-18,582.78,588.95,588.95,580.53,2859278,-1.47%
7-May-18,591.5,590.63,595,587.75,2319480,0.84%
4-May-18,586.55,592.5,593,577.5,3011684,-0.80%
3-May-18,591.28,598.63,602.35,588.05,2666115,-1.21%
2-May-18,598.53,599.45,600.8,590.5,5147521,-0.20%
30-Apr-18,599.75,590.85,603.98,590.33,2755839,1.21%
27-Apr-18,592.6,590,595.8,587.1,3831685,0.74%
26-Apr-18,588.23,587,590.83,580,5651042,1.39%
25-Apr-18,580.18,576,585.5,572.6,5797089,0.51%
24-Apr-18,577.25,592.5,598.2,575.05,4263108,-2.80%
23-Apr-18,593.85,584,607.2,577.63,10915319,0.78%
20-Apr-18,589.23,569.5,596.85,568.48,12136346,4.03%
19-Apr-18,566.43,562,569.9,561.55,4262771,0.61%
18-Apr-18,562.98,561.43,567.38,556.93,5215190,0.07%
17-Apr-18,562.6,563.5,563.7,557.5,5198970,-0.71%
16-Apr-18,566.6,551,570,551,12372542,-3.27%
13-Apr-18,585.73,587,592.95,575.13,10613519,0.76%
12-Apr-18,581.3,564.73,586.38,562.5,8522183,3.41%
11-Apr-18,562.13,559,565.75,558.25,4512787,0.98%
10-Apr-18,556.7,556,562.25,552.7,4463029,0.19%
9-Apr-18,555.63,562.5,562.9,553.28,3601441,-1.40%
6-Apr-18,563.5,571.5,573,561.05,2968871,-1.79%
5-Apr-18,573.78,569.78,575.65,564.55,3881772,2.08%
4-Apr-18,562.1,572,572.28,560,2406651,-1.43%
3-Apr-18,570.23,567.35,571.78,564.05,2038584,0.29%
2-Apr-18,568.58,570.5,574.78,560.65,4036351,0.47%
28-Mar-18,565.9,575.38,575.38,563.13,6279161,-1.92%
27-Mar-18,577,580,580.65,575.05,1901044,-0.11%
26-Mar-18,577.63,583.45,583.45,572,4465361,-1.06%
23-Mar-18,583.8,573.5,586.9,571.18,6004042,0.54%
22-Mar-18,580.65,582.25,588.73,577.65,3406584,-0.53%
21-Mar-18,583.75,585,587.75,581.1,3846497,0.25%
20-Mar-18,582.28,574.3,585,574.3,4276883,1.55%
19-Mar-18,573.38,582,590.25,571.33,3763310,-2.15%
16-Mar-18,585.95,591,591.2,584.63,8977413,-0.90%
15-Mar-18,591.25,590,594.2,586,3050750,0.14%
14-Mar-18,590.4,590,595.3,584.55,2214855,-0.25%
13-Mar-18,591.9,590.1,598.5,587.58,4290526,-0.17%
12-Mar-18,592.88,588,595.93,585.88,3838485,1.92%
9-Mar-18,581.7,581.18,583,577.78,2110482,0.58%
8-Mar-18,578.33,574.5,582.9,574.5,3046507,1.10%
7-Mar-18,572.05,577.5,580,569.03,3185208,-0.63%
6-Mar-18,575.68,581.28,582.7,571.8,3344867,-0.39%
5-Mar-18,577.95,580.38,585.4,571.63,4050728,-0.42%
1-Mar-18,580.38,584.8,584.8,578.03,3289926,-1.01%
28-Feb-18,586.3,573.8,594.75,571.28,8634208,1.95%
27-Feb-18,575.1,572.48,576.83,562.83,3308013,1.02%
26-Feb-18,569.3,575.5,577.53,567.18,2541804,-1.48%
23-Feb-18,577.83,581.75,583,573.38,4729914,-0.44%
22-Feb-18,580.38,572.78,582,570.23,8929987,1.16%
21-Feb-18,573.7,573.75,575.95,570,6885679,0.92%
20-Feb-18,568.48,551.88,574.75,551.88,3594297,0.46%
19-Feb-18,565.88,564.2,568,560.15,3230920,0.33%
16-Feb-18,564.03,562.5,570.83,559.05,4944611,1.22%
15-Feb-18,557.23,551.5,564.85,551.5,3993368,1.52%
14-Feb-18,548.88,553,558.65,545.1,4172856,-0.46%
12-Feb-18,551.4,557.4,560.3,548.9,3145986,-0.57%
9-Feb-18,554.58,559,560.15,553,2191345,-2.21%
8-Feb-18,567.13,561.4,573.2,558.28,4403622,2.27%
7-Feb-18,554.53,558,562.4,551.78,4171028,0.12%
6-Feb-18,553.88,549.98,564.18,547.58,5276039,-2.67%
5-Feb-18,569.1,570,577.43,567.93,4930110,-0.44%
2-Feb-18,571.63,567.63,581.45,565.05,5122243,-0.12%
1-Feb-18,572.3,571.1,578.95,559.28,6502727,-0.49%
31-Jan-18,575.13,579.58,583.3,571.08,4606849,-1.74%
30-Jan-18,585.33,589.45,591.55,581.35,4314156,-1.03%
29-Jan-18,591.45,583.28,598.13,582.6,5411501,0.64%
25-Jan-18,587.7,591,591.7,581.13,6774457,-0.88%
24-Jan-18,592.9,587.4,610.53,583.75,10302359,0.74%
23-Jan-18,588.55,577.5,594,577.5,7701898,2.36%
22-Jan-18,575,566.08,578.48,566,4825107,0.57%
19-Jan-18,571.73,572.5,573.95,568,2994139,-0.80%
18-Jan-18,576.35,572.5,582.45,566.05,6602485,0.05%
17-Jan-18,576.05,562.43,580.9,561.5,13077044,2.60%
16-Jan-18,561.43,540.63,567.4,540.63,11323483,3.86%
15-Jan-18,540.58,540,546.48,532.55,5324625,0.25%
12-Jan-18,539.23,542.9,542.95,535.28,9008264,0.25%
11-Jan-18,537.9,527.63,541.7,527.63,8387735,2.24%
10-Jan-18,526.13,523.4,528,516.53,4734317,1.05%
9-Jan-18,520.68,520,522.45,514.45,4974118,0.51%
8-Jan-18,518.03,512.45,519.5,510.03,2797345,2.38%
5-Jan-18,506,507.65,513.2,503,5512988,-0.33%
4-Jan-18,507.7,510.5,510.5,504.8,4473807,-0.58%
3-Jan-18,510.65,514.25,515.8,509.3,3423276,-0.82%
2-Jan-18,514.85,518.63,521,511.5,3056124,-0.37%
1-Jan-18,516.78,518.85,522.25,515,2715670,-0.82%
29-Dec-17,521.03,515.05,524.4,515,3300884,0.85%
28-Dec-17,516.63,515,520,511.9,4216736,-0.10%
27-Dec-17,517.13,514,519.55,513.7,3485086,-0.13%
26-Dec-17,517.8,515,520.75,511.5,5404453,-0.36%
22-Dec-17,519.68,508,522.4,508,6453470,1.69%
21-Dec-17,511.03,507.4,514.48,499.2,5529581,0.61%
20-Dec-17,507.93,502.55,509.3,500.5,2093163,1.19%
19-Dec-17,501.98,508.73,508.98,499.78,3559449,-1.24%
18-Dec-17,508.3,505.95,515.35,502.9,2017724,-0.62%
15-Dec-17,511.45,506.5,513.2,505.93,5192067,0.97%
14-Dec-17,506.55,502.63,507.5,499.65,3011786,0.93%
13-Dec-17,501.88,505.45,509.5,498.83,2681199,-0.67%
12-Dec-17,505.25,501,507,501,4660217,0.52%
11-Dec-17,502.65,497.48,503.45,496.98,2569549,0.34%
8-Dec-17,500.93,500.5,503.5,497.5,2991622,0.21%
7-Dec-17,499.9,494.5,501.45,492.8,3774772,0.96%
6-Dec-17,495.15,492.5,497.05,492,3745047,0.60%
5-Dec-17,492.18,492.68,501.5,489.5,4988369,-0.10%
4-Dec-17,492.68,490,498.4,484.28,8905803,2.77%
1-Dec-17,479.4,489.7,491.6,478.53,2042500,-1.77%
30-Nov-17,488.05,494.73,494.73,484.18,8633472,-0.67%
29-Nov-17,491.35,493.83,495.98,490.15,1919035,-0.20%
28-Nov-17,492.35,497.2,499.95,490.65,2308434,-1.41%
27-Nov-17,499.38,503.35,503.35,496.65,3008865,-1.07%
24-Nov-17,504.78,495.45,509.65,495.1,9309956,1.85%
23-Nov-17,495.63,485.75,497.23,484.5,5947309,2.58%
22-Nov-17,483.15,483.3,485.53,481.65,3042460,0.00%
21-Nov-17,483.13,480.65,485.75,480.03,2682328,0.59%
20-Nov-17,480.28,484.5,485.5,478.63,2830595,-1.07%
17-Nov-17,485.48,492.75,492.75,482.58,4028835,-1.76%
16-Nov-17,494.2,475.9,497.95,474.25,7843751,3.85%
15-Nov-17,475.9,472.58,476.75,472.25,3511758,0.28%
14-Nov-17,474.55,475.98,477.43,471.63,2866855,-0.30%
13-Nov-17,475.98,481.03,484.7,474.68,2510608,-1.05%
10-Nov-17,481.03,479.4,482.18,475,3294714,0.79%
9-Nov-17,477.25,476.5,481.5,474.13,2361616,0.23%
8-Nov-17,476.15,480.13,480.93,473.75,2684997,-0.33%
7-Nov-17,477.75,463.13,480,462.93,6721410,2.89%
6-Nov-17,464.35,461.58,467.5,461.33,2533267,0.22%
3-Nov-17,463.33,458.5,464.95,458.48,1849543,0.41%
2-Nov-17,461.45,461.53,463,460,2343069,-0.45%
1-Nov-17,463.53,462.5,464.7,461.65,2816567,0.56%
31-Oct-17,460.93,462.5,465,460,4977494,-2.36%
30-Oct-17,472.05,477.33,477.33,470.53,6484163,-0.24%
27-Oct-17,473.18,477.5,478.85,472,4262478,-0.11%
26-Oct-17,473.68,471,475.9,470.05,16829629,1.29%
25-Oct-17,467.65,459.5,472.35,457.63,6992067,0.95%
24-Oct-17,463.25,473,473.33,460.8,7264664,-1.38%
23-Oct-17,469.75,465,471,464.05,4577048,1.35%
19-Oct-17,463.48,465,466,462.6,545717,0.28%
18-Oct-17,462.18,464.45,465,461.48,3615926,-0.66%
17-Oct-17,465.25,468.4,468.4,464.75,2812551,-0.91%
16-Oct-17,469.5,467.98,471,466.5,2879375,0.96%
13-Oct-17,465.05,466.4,466.75,463.78,3590364,0.30%
12-Oct-17,463.65,465,467.18,459.78,5140486,-0.37%
11-Oct-17,465.35,467.73,469,464,2991252,-0.51%
10-Oct-17,467.73,469.98,469.98,464.78,3571610,1.25%
9-Oct-17,461.95,460,464.5,457,1752416,0.41%
6-Oct-17,460.08,452,461,451.98,4287154,1.89%
5-Oct-17,451.53,450,452.48,449.5,4305650,0.38%
4-Oct-17,449.8,451.5,452.7,448.58,2495746,-0.44%
3-Oct-17,451.78,455.05,456,450.8,2473761,0.41%
29-Sep-17,449.95,449,451.2,447.5,2852916,0.44%
28-Sep-17,448,448.05,451.95,447.15,8768633,-0.42%
27-Sep-17,449.9,453.05,453.95,447.55,3000069,-0.67%
26-Sep-17,452.95,448.5,454.2,447.15,3683239,1.18%
25-Sep-17,447.68,450.5,450.98,444.55,4544350,-0.33%
22-Sep-17,449.15,454.08,455.13,444,8802044,-1.24%
21-Sep-17,454.78,457.5,457.63,454.08,4102076,-0.34%
20-Sep-17,456.35,458.5,458.5,453.73,2883915,0.05%
19-Sep-17,456.13,454,458,451.75,3016665,0.35%
18-Sep-17,454.55,455,458.88,453.15,4237930,0.09%
15-Sep-17,454.13,446.15,456.63,446.1,6729730,1.78%
14-Sep-17,446.2,442.25,448.3,440.8,6849003,0.98%
13-Sep-17,441.88,442.75,443.8,440.5,5739114,-0.03%
12-Sep-17,442.03,441.28,443.88,439.4,8620677,0.61%
11-Sep-17,439.35,445.2,445.9,436.83,6893821,-0.63%
8-Sep-17,442.15,449.5,449.5,441.05,4302271,-1.28%
7-Sep-17,447.88,450,450.25,446.18,3120596,0.02%
6-Sep-17,447.8,450,450.15,445,3867955,-0.70%
5-Sep-17,450.95,451,452.5,448.63,4891696,0.19%
4-Sep-17,450.1,460.5,460.55,446.75,5088554,-2.15%
1-Sep-17,459.98,457.98,462.95,455,4216961,0.55%
31-Aug-17,457.48,464.4,464.48,456.45,7511226,-1.26%
30-Aug-17,463.33,468.6,469.5,462.05,8074832,-0.09%
29-Aug-17,463.73,470.73,471,462.78,6684696,-1.44%
28-Aug-17,470.5,471.98,476.98,469,20356054,3.16%
24-Aug-17,456.08,455,459.13,451.18,21190262,2.17%
23-Aug-17,446.4,440,451.85,436.95,30642095,1.99%
22-Aug-17,437.7,447.6,448.53,430,24621299,0.23%
21-Aug-17,436.7,462,462,435,45203588,-5.40%
18-Aug-17,461.63,508.95,508.95,442.1,82202480,-9.56%
17-Aug-17,510.43,502.5,514.63,499.03,12892130,4.68%
16-Aug-17,487.6,491,493.05,484.5,3089040,-0.64%
14-Aug-17,490.73,494,494.6,488.58,1908235,-0.63%
11-Aug-17,493.85,488,498.5,484.8,3272078,0.66%
10-Aug-17,490.63,484.95,493.75,484.68,4570342,1.23%
9-Aug-17,484.68,483.83,486.95,482.28,1961205,0.57%
8-Aug-17,481.93,484.25,485.13,477.53,3002324,-0.45%
7-Aug-17,484.13,491.75,491.88,482.85,3036872,-1.58%
4-Aug-17,491.88,494,494.5,488.03,2674509,-0.02%
3-Aug-17,492,495.5,499.38,490.13,2320174,-0.94%
2-Aug-17,496.68,503,506.38,493.6,2128792,-1.21%
1-Aug-17,502.78,505.5,508.5,499.18,3844699,-0.56%
31-Jul-17,505.6,495.95,510.85,493.38,9579124,1.39%
28-Jul-17,498.68,488,501.5,481.15,5549214,2.71%
27-Jul-17,485.53,498,502,483.4,6338426,-2.31%
26-Jul-17,497.03,499.05,499.5,495.2,3435012,0.02%
25-Jul-17,496.93,495,499.5,493.1,3572807,0.33%
24-Jul-17,495.28,491.75,497,491.3,3064588,1.07%
21-Jul-17,490.05,486.5,491.28,485.7,2990377,1.10%
20-Jul-17,484.73,489.65,489.93,483.48,3404870,-1.06%
19-Jul-17,489.93,490.73,494.33,484.55,2945139,-0.58%
18-Jul-17,492.8,493.03,502.4,490.55,4130090,0.16%
17-Jul-17,492.03,487.5,496,487,3849125,1.23%
14-Jul-17,486.03,499.73,503.43,483.03,11239090,-0.51%
13-Jul-17,488.53,488.63,491.73,482.05,2585196,0.48%
12-Jul-17,486.18,487.48,490.75,484.38,3137988,-0.31%
11-Jul-17,487.68,478.33,494.75,478.33,5769854,1.91%
10-Jul-17,478.53,472.5,514.45,468.65,847546,2.32%
7-Jul-17,467.7,471.93,472.73,466.53,2888443,-1.22%
6-Jul-17,473.5,472.5,478.5,472.1,1914860,-0.41%
5-Jul-17,475.45,479.5,479.5,472.7,2113114,-1.17%
4-Jul-17,481.08,476.93,485,474.7,2583863,1.08%
3-Jul-17,475.95,470.55,477.5,467.3,2544462,1.75%
30-Jun-17,467.78,465.4,469,464.5,2108350,0.58%
29-Jun-17,465.1,465.1,473.98,463.3,7957020,0.59%
28-Jun-17,462.35,466.4,466.5,460.5,2952612,-0.25%
27-Jun-17,463.53,472.5,474,461.88,3452330,-1.72%
23-Jun-17,471.63,472.5,474.58,469,3201509,0.33%
22-Jun-17,470.08,473.85,484.35,467.55,4732621,-0.34%
21-Jun-17,471.68,472.5,474.5,468.03,1867932,-0.02%
20-Jun-17,471.78,467.5,473.45,467.03,2592198,1.47%
19-Jun-17,464.93,469.98,470.13,464,3427930,-1.11%
16-Jun-17,470.13,474.55,476.93,468,5474225,-1.24%
15-Jun-17,476.05,479.83,483.98,474.8,2764031,-0.68%
14-Jun-17,479.3,480,480.95,475.6,3719055,0.08%
13-Jun-17,478.9,476.75,481.48,475.8,2468897,-0.63%
12-Jun-17,481.93,471.68,482.6,470.05,4295838,1.61%
9-Jun-17,474.3,469.28,475.48,461.5,7378831,-0.82%
8-Jun-17,478.23,481.48,481.48,474.08,3097676,-0.50%
7-Jun-17,480.65,492.5,494.45,472.5,6227523,-1.84%
6-Jun-17,489.68,482.5,493.75,482.2,3504343,2.15%
5-Jun-17,479.38,485,486,478.53,2731349,-1.10%
2-Jun-17,484.73,486.7,487.73,482.1,1958983,-0.20%
1-Jun-17,485.7,484.65,489.85,479.28,2754303,-0.58%
31-May-17,488.53,496.78,496.78,487.43,3881950,-1.92%
30-May-17,498.1,491,500,489.33,1858455,1.12%
29-May-17,492.58,495.45,498.35,487.85,3154217,-1.06%
26-May-17,497.85,493.5,500,490.3,2494002,1.26%
25-May-17,491.65,480.5,493.3,480.5,5219257,2.98%
